{"testuser": {"bio": "im just awesome", "posts": [{"url": ".com", "caption": "hi?"}, {"url": ".com", "caption": "hi?"}, {"url": ".com", "caption": "hi?"}, {"url": ".com", "caption": "hi?"}], "points": 1000, "following": [{"account": 0, "date": 0}]}, "511025033976741889": {"name": null, "bio": "\u2728", "posts": [], "points": 405, "streaks": [1, 1621298756.5804584], "following": [{"account": 704355591686062202, "date": "2021-04-08"}, {"account": 159985870458322944, "date": "2021-06-09"}, {"account": 641381968805888001, "date": "2021-06-10"}], "followers": [{"account": 695027974751125584, "date": "2021-04-08"}, {"account": 724059801184894977, "date": "2021-04-08"}, {"account": 605749947266236417, "date": "2021-05-06"}], "timezone": "America/Toronto", "reminders": [{"name": "pls work", "details": "no", "date": "13/05/2021 03:16 PM"}, {"name": "test", "details": "test", "date": "18/05/2021 03:58 PM"}, {"name": "ee", "details": "gisdf", "date": "22/08/2021 01:13 AM"}, {"name": "classes", "details": "compsci\ngeo\nenglish\nfrench", "date": "12/06/2021 12:50 PM"}]}, "695027974751125584": {"name": null, "bio": "No bio yet", "posts": [], "points": 0, "streaks": [0, 2000000000], "following": [{"account": 511025033976741889, "date": "2021-04-08"}], "followers": [], "timezone": null, "reminders": []}, "704355591686062202": {"name": null, "bio": "hi i exist", "posts": [{"url": "https://cdn.discordapp.com/attachments/747565745805983835/829845548479676466/percent.png", "caption": "youtube stonks"}, {"url": "https://cdn.discordapp.com/attachments/747565745805983835/829843002582106133/sipover3.png", "caption": "sceenie wiht sipoevr!!!!!1!11!11!1!11!1!!!!!"}, {"url": "https://cdn.discordapp.com/attachments/747565745805983835/829840915366412288/nitro2.png", "caption": "i am flexingj"}], "points": 101, "streaks": [1, 1619540412.5326853], "following": [], "followers": [{"account": 511025033976741889, "date": "2021-04-08"}], "timezone": "America/Toronto", "reminders": [{"name": "do something", "details": "yeah", "date": "13/05/2021 03:20 PM"}]}, "724059801184894977": {"name": null, "bio": "\u00b0\ud835\udcd2\ud835\udcf1\ud835\udcfb\ud835\udcf2\ud835\udcfc\u00b0| ;/\n\ud835\udc3b\ud835\udc52/\ud835\udc3b\ud835\udcbe\ud835\udcc2\n\ud835\udc3f\ud835\udcbe\ud835\udcbb\ud835\udc52 \ud835\udcbe\ud835\udcc8 \ud835\udcbb\ud835\udcbe\ud835\udcc3e", "posts": [{"url": "https://cdn.discordapp.com/attachments/746441206694674553/829841274387038228/unknown.png", "caption": "duck life"}], "points": 0, "streaks": [0, 2000000000], "following": [{"account": 551471716887691264, "date": "2021-04-08"}, {"account": 511025033976741889, "date": "2021-04-08"}, {"account": 506149600571293711, "date": "2021-04-08"}], "followers": [], "timezone": null, "reminders": []}, "551471716887691264": {"name": null, "bio": "No bio yet", "posts": [], "points": 0, "streaks": [0, 2000000000], "following": [], "followers": [], "timezone": "America/Toronto", "reminders": [{"name": "ewaigs", "details": "sigz", "date": "2023-02-09 05:00:00+00:00"}, {"name": "testy", "details": "123", "date": "04/05/2021 02:08 PM"}, {"name": "rweugnsdf", "details": "test2", "date": "04/05/2021 12:11 PM"}]}, "506149600571293711": {"name": null, "bio": "i wanna delete my bio pls", "posts": [{"url": "https://cdn.discordapp.com/attachments/747565745805983835/829844819215122462/T-22_Med..jpg", "caption": "t22mediun"}, {"url": "https://cdn.discordapp.com/attachments/747565745805983835/829844648012939314/sddefault.png", "caption": "fi 8ball said i should post it"}], "points": 0, "streaks": [0, 2000000000], "following": [], "followers": [{"account": 724059801184894977, "date": "2021-04-08"}], "timezone": null, "reminders": []}, "503348078200487956": {"name": null, "bio": "nerd why are you even looking here <a:peepopat:782698286557167637>", "posts": [], "points": 0, "streaks": [0, 2000000000], "following": [], "followers": [], "timezone": null, "reminders": []}, "605749947266236417": {"name": null, "bio": "help i can't instagram", "posts": [{"url": "https://cdn.discordapp.com/attachments/747565745805983835/840013598252466196/ducc10.png", "caption": "ducc"}, {"url": "https://cdn.discordapp.com/attachments/747565745805983835/840013236414054460/db.png", "caption": "deutsche bahn"}], "points": 101, "streaks": [1, 1620345383.8483047], "following": [{"account": 511025033976741889, "date": "2021-05-06"}], "followers": [], "timezone": null, "reminders": []}, "665923784636891157": {"name": null, "bio": "Hi", "posts": [{"url": "https://cdn.discordapp.com/attachments/747565745805983835/840014075781185576/buzz2.jpg", "caption": "hello"}], "points": 0, "streaks": [0, 2000000000], "following": [], "followers": [], "timezone": null, "reminders": []}, "380489376813285377": {"name": null, "bio": "I'm not gai", "posts": [], "points": 0, "streaks": [0, 2000000000], "following": [], "followers": [], "timezone": null, "reminders": []}, "639423788341264394": {"name": null, "bio": "No bio yet", "posts": [], "points": 0, "streaks": [0, 2000000000], "following": [], "followers": [], "timezone": null, "reminders": []}, "709410827865686036": {"name": null, "bio": "fi bio", "posts": [{"url": "https://cdn.discordapp.com/attachments/845000231472332801/849654825288990761/2Q.png", "caption": "fdskhgsfhjgsh"}], "points": 0, "streaks": [0, 2000000000], "following": [{"account": 736372330644897893, "date": "2021-06-09"}], "followers": [], "timezone": null, "reminders": []}, "847498673167532032": {"name": null, "bio": "HI IM JOANNE WHAT SOCIAL MEDIA PLATFORM IS THIS CALLED \ud83d\ude04", "posts": [{"url": "https://cdn.discordapp.com/attachments/845000231472332801/849676381944021113/image0.png", "caption": "Happy Pride Month!"}], "points": 0, "streaks": [0, 2000000000], "following": [], "followers": [], "timezone": null, "reminders": []}, "587668372242563092": {"name": null, "bio": "No bio yet", "posts": [], "points": 0, "streaks": [0, 2000000000], "following": [], "followers": [], "timezone": null, "reminders": []}, "326880083040010240": {"name": null, "bio": "doo", "posts": [{"url": "https://cdn.discordapp.com/attachments/845000231472332801/852240704259620954/5N9ww4tCTtWsdaQj51yS.png", "caption": "hello"}], "points": 0, "streaks": [0, 2000000000], "following": [], "followers": [], "timezone": null, "reminders": []}, "159985870458322944": {"name": null, "bio": "No bio yet", "posts": [], "points": 0, "streaks": [0, 2000000000], "following": [], "followers": [{"account": 511025033976741889, "date": "2021-06-09"}], "timezone": null, "reminders": []}, "736372330644897893": {"name": null, "bio": "No bio yet", "posts": [], "points": 0, "streaks": [0, 2000000000], "following": [], "followers": [{"account": 709410827865686036, "date": "2021-06-09"}], "timezone": null, "reminders": []}, "641381968805888001": {"name": null, "bio": "No bio yet", "posts": [], "points": 0, "streaks": [0, 2000000000], "following": [], "followers": [{"account": 511025033976741889, "date": "2021-06-10"}], "timezone": null, "reminders": []}}